Sample Number,Result,Time,Method
0,1.0,350.94235245833335,approx
1,1.0,383.407135375,approx
2,1.0,407.9122012916667,approx
3,1.0,382.96078454166667,approx
4,1.0,378.1856374166667,approx
