{
    "ZoomOut": {
        "cra": {
            "epsilon_1": 1.0,
            "epsilon_2": 1.0,
            "epsilon_3": 1.0
        },
        "time": {
            "epsilon_1": 70.77947058999999,
            "epsilon_2": 70.71703586999999,
            "epsilon_3": 71.12468259
        }
    },
    "ZoomIn": {
        "cra": {
            "epsilon_1": 0.92,
            "epsilon_2": 0.92,
            "epsilon_3": 0.93
        },
        "time": {
            "epsilon_1": 16.456934070000006,
            "epsilon_2": 24.504955700000004,
            "epsilon_3": 32.14431687
        }
    },
    "ScalabilityZoomOut": {
        "cra": {
            "epsilon_1": 1.0,
            "epsilon_2": 1.0,
            "epsilon_3": 1.0
        },
        "time": {
            "epsilon_1": 556.7501123000001,
            "epsilon_2": 559.9577320999999,
            "epsilon_3": 579.9023419
        },
        "per_frame_cra": {
            "epsilon_1": [
                1.0,
                1.0,
                1.0,
                1.0,
                1.0,
                1.0,
                1.0,
                1.0
            ],
            "epsilon_2": [
                1.0,
                1.0,
                1.0,
                1.0,
                1.0,
                1.0,
                1.0,
                1.0
            ],
            "epsilon_3": [
                1.0,
                1.0,
                1.0,
                1.0,
                1.0,
                1.0,
                1.0,
                1.0
            ]
        },
        "per_frame_time": {
            "epsilon_1": [
                69.9705999,
                69.8270261,
                69.4595628,
                69.2852844,
                69.71012060000001,
                69.4206542,
                69.58810919999999,
                69.4887551
            ],
            "epsilon_2": [
                70.6709984,
                70.171637,
                69.9051691,
                69.8046741,
                69.7765656,
                69.8074627,
                69.89489099999999,
                69.9263342
            ],
            "epsilon_3": [
                79.5950786,
                78.60952569999998,
                70.4314446,
                70.330568,
                70.2454016,
                70.1336364,
                70.2591046,
                70.29758240000001
            ]
        }
    },
    "ScalabilityZoomIn": {
        "cra": {
            "epsilon_1": 1.0,
            "epsilon_2": 1.0,
            "epsilon_3": 1.0
        },
        "time": {
            "epsilon_1": 193.05799999999996,
            "epsilon_2": 273.65085200000004,
            "epsilon_3": 287.72492430000005
        },
        "per_frame_cra": {
            "epsilon_1": [
                1.0,
                1.0,
                1.0,
                1.0,
                1.0,
                1.0,
                1.0,
                1.0
            ],
            "epsilon_2": [
                1.0,
                1.0,
                1.0,
                1.0,
                1.0,
                1.0,
                1.0,
                1.0
            ],
            "epsilon_3": [
                1.0,
                1.0,
                1.0,
                1.0,
                1.0,
                1.0,
                1.0,
                1.0
            ]
        },
        "per_frame_time": {
            "epsilon_1": [
                18.1665403,
                17.846663600000003,
                17.9534474,
                17.9290124,
                18.024809599999998,
                32.3836104,
                35.3478316,
                35.406084699999994
            ],
            "epsilon_2": [
                33.9970183,
                34.6389315,
                34.0575508,
                27.1682187,
                35.77587100000001,
                35.7585912,
                36.0441048,
                36.2105657
            ],
            "epsilon_3": [
                35.639738699999995,
                35.710214900000004,
                35.8142963,
                35.128501099999994,
                35.94126,
                36.4074216,
                36.534370100000004,
                36.5491216
            ]
        }
    }
}